telephone number,mobile or line
06-32114022,M
06-51686233,M
06-88686448,M
06-50089823,M
06-29316505,M
06-63294565,M
06-81438485,M
06-12228814,M
06-89453785,M
06-80679593,M
06-23226902,M
06-50016538,M
06-50925713,M
06-84802966,M
06-28234259,M
06-33026113,M
06-99572832,M
06-41610528,M
06-31115953,M
06-21932088,M
06-29667946,M
06-76480602,M
06-22768252,M
06-54108419,M
06-16944538,M
06-12857797,M
06-60020810,M
06-10412095,M
06-91664222,M
06-30816706,M
06-45119306,M
06-30306867,M
06-58575028,M
06-11782393,M
06-98646330,M
06-26928180,M
06-95223487,M
06-71621251,M
06-55799837,M
06-84119929,M
06-96100345,M
06-79150341,M
06-29630071,M
06-94547424,M
06-24656307,M
06-31226816,M
06-64485162,M
06-47126086,M
06-53631858,M
06-73739017,M
06-76908281,M
06-64036689,M
06-96808803,M
06-45322163,M
06-49187064,M
06-42170207,M
06-14529955,M
06-24867713,M
06-79067907,M
06-63531109,M
06-82910438,M
06-62149877,M
06-27411649,M
06-41370826,M
06-27079472,M
06-42373744,M
06-94678951,M
06-83388372,M
06-73805118,M
06-66165001,M
06-78670054,M
06-78827033,M
06-49908717,M
06-11159882,M
06-75799588,M
06-84236100,M
06-26903480,M
06-62090649,M
06-79884279,M
06-94295645,M
06-16713624,M
06-56045798,M
06-73519340,M
06-39738253,M
06-80092009,M
06-70502163,M
06-55565946,M
06-76281450,M
06-77923764,M
06-94961205,M
06-43229679,M
06-16600854,M
06-72406874,M
06-92444131,M
06-17043301,M
06-21445375,M
06-77740756,M
06-99755624,M
06-94046632,M
06-55658889,M
097-2826381,V
080-5397573,V
097-0710118,V
090-2070053,V
035-0260801,V
071-9729293,V
094-5113139,V
093-0182097,V
081-7325321,V
021-9458618,V
028-0981784,V
095-4732203,V
055-2446719,V
050-9374691,V
044-0703710,V
033-2721633,V
033-1803235,V
051-5928446,V
098-7119599,V
031-2543250,V
044-5989883,V
040-2804573,V
051-5884186,V
071-4381440,V
021-4026953,V
096-9320767,V
018-6683190,V
030-3265103,V
095-6437681,V
029-3139942,V
079-9033386,V
021-1627663,V
030-8836240,V
057-6437666,V
045-1601558,V
056-0640656,V
070-6910470,V
037-1318766,V
076-4879635,V
094-8562717,V
095-5646646,V
079-7195339,V
042-6408993,V
051-3732432,V
054-4660189,V
016-5598837,V
028-5007629,V
085-1033279,V
066-4300026,V
031-9829983,V
